{
  "timestamp": 1769219382.2120268,
  "server": "localhost:50051",
  "all_passed": true,
  "duration_ms": 53.665876388549805
}